Machine_ID,Temperature_C_mean,Temperature_C_std,Temperature_C_max,Vibration_Hz_mean,Vibration_Hz_std,Vibration_Hz_max,Power_Consumption_kW_mean,Power_Consumption_kW_std,Power_Consumption_kW_max,Predictive_Maintenance_Score_mean,Predictive_Maintenance_Score_min,Quality_Control_Defect_Rate_%_mean,Error_Rate_%_mean,Production_Speed_units_per_hr_mean,Efficiency_Status_<lambda>,Machine_Health_Index
1,59.49,17.42,90.0,2.58,1.4,5.0,5.82,2.46,10.0,0.5,0.0,5.04,7.61,277.98,1473,43.15199999999999
2,59.81,17.64,89.94,2.53,1.42,5.0,5.72,2.46,9.99,0.49,0.0,5.01,7.52,274.51,1596,43.34399999999999
3,59.41,17.34,89.97,2.6,1.44,5.0,5.91,2.45,10.0,0.49,0.0,5.05,7.6,278.82,1574,43.144000000000005
4,59.82,17.19,89.94,2.57,1.42,5.0,5.72,2.47,10.0,0.5,0.0,5.03,7.47,273.52,1568,43.355999999999995
5,60.49,17.27,89.96,2.54,1.41,4.99,5.78,2.46,10.0,0.49,0.0,4.95,7.46,272.62,1589,43.35399999999999
6,60.24,17.36,89.9,2.54,1.42,5.0,5.66,2.45,10.0,0.51,0.0,4.98,7.53,273.15,1493,43.24799999999999
7,60.17,17.64,89.99,2.54,1.42,5.0,5.68,2.42,10.0,0.5,0.0,5.04,7.37,274.29,1523,43.412
8,60.17,17.55,90.0,2.55,1.45,5.0,5.78,2.44,9.99,0.5,0.0,5.07,7.62,276.05,1582,42.79599999999999
9,60.28,17.21,89.97,2.55,1.41,5.0,5.7,2.5,10.0,0.5,0.0,5.15,7.51,272.01,1582,42.748000000000005
10,60.42,17.25,89.96,2.55,1.4,5.0,5.8,2.45,10.0,0.5,0.0,4.91,7.4,275.76,1580,43.611999999999995
11,60.26,17.5,89.95,2.54,1.4,5.0,5.76,2.46,10.0,0.49,0.0,5.09,7.46,275.14,1511,43.03
12,59.85,17.43,90.0,2.5,1.39,5.0,5.71,2.45,10.0,0.5,0.0,5.02,7.48,273.79,1516,43.398
13,59.9,17.4,89.99,2.54,1.42,5.0,5.65,2.44,10.0,0.51,0.0,5.0,7.46,273.43,1578,43.465999999999994
14,60.3,17.37,89.92,2.57,1.42,5.0,5.74,2.41,10.0,0.5,0.0,5.11,7.6,271.73,1533,42.66
15,59.68,17.12,89.98,2.55,1.42,5.0,5.79,2.43,9.99,0.5,0.0,5.17,7.45,281.41,1543,43.03
16,60.5,17.55,89.98,2.55,1.42,4.99,5.81,2.47,10.0,0.49,0.0,5.02,7.51,284.92,1531,43.02799999999999
17,60.54,17.33,89.99,2.55,1.43,5.0,5.76,2.43,10.0,0.5,0.0,5.03,7.51,270.8,1617,42.99199999999999
18,59.88,17.14,89.98,2.54,1.4,5.0,5.68,2.44,10.0,0.5,0.0,5.05,7.45,275.73,1601,43.33800000000001
19,59.76,17.37,90.0,2.56,1.4,4.99,5.75,2.47,9.99,0.49,0.0,4.97,7.5,276.81,1531,43.5
20,60.12,17.25,89.97,2.56,1.42,5.0,5.81,2.43,10.0,0.49,0.0,5.03,7.39,276.6,1499,43.383999999999986
21,60.03,17.24,89.98,2.54,1.4,5.0,5.84,2.47,10.0,0.5,0.0,4.96,7.47,274.75,1602,43.476
22,59.84,17.42,89.99,2.57,1.4,5.0,5.75,2.46,10.0,0.5,0.0,5.1,7.66,278.12,1577,42.75199999999999
23,60.11,17.36,89.99,2.56,1.42,5.0,5.69,2.42,10.0,0.5,0.0,5.01,7.36,281.01,1594,43.532
24,59.56,17.37,89.95,2.56,1.41,5.0,5.72,2.49,9.99,0.5,0.0,4.99,7.38,278.59,1512,43.766
25,59.69,17.45,89.99,2.55,1.39,5.0,5.74,2.46,9.99,0.5,0.0,5.02,7.71,273.0,1562,42.965999999999994
26,59.95,17.11,89.84,2.6,1.43,5.0,5.79,2.47,10.0,0.49,0.0,4.94,7.37,279.34,1588,43.74199999999999
27,59.9,17.51,89.94,2.54,1.4,5.0,5.69,2.43,10.0,0.51,0.0,4.89,7.58,284.85,1506,43.54799999999999
28,59.78,17.2,89.97,2.52,1.41,5.0,5.66,2.45,10.0,0.49,0.0,4.95,7.53,274.2,1613,43.533999999999985
29,60.57,17.23,89.99,2.5,1.4,5.0,5.66,2.44,9.99,0.5,0.0,4.9,7.65,273.27,1598,43.139999999999986
30,59.54,17.32,90.0,2.53,1.4,5.0,5.79,2.47,9.99,0.5,0.0,4.95,7.55,275.72,1644,43.55799999999999
31,60.06,17.24,90.0,2.53,1.42,5.0,5.84,2.48,10.0,0.49,0.0,5.08,7.62,282.41,1504,42.80999999999999
32,59.31,17.35,89.99,2.53,1.41,5.0,5.73,2.49,9.99,0.5,0.0,4.99,7.59,277.52,1599,43.461999999999996
33,60.99,17.14,89.99,2.55,1.41,5.0,5.8,2.48,10.0,0.5,0.0,5.05,7.44,274.86,1526,42.884
34,59.59,17.27,89.96,2.61,1.43,5.0,5.73,2.47,10.0,0.5,0.0,5.06,7.59,278.83,1510,43.092
35,59.95,17.34,89.97,2.52,1.4,5.0,5.69,2.43,10.0,0.5,0.0,4.98,7.45,273.69,1500,43.529999999999994
36,60.04,17.18,89.94,2.55,1.42,4.99,5.77,2.44,9.99,0.51,0.0,5.07,7.42,273.42,1620,43.25
37,59.93,16.89,90.0,2.56,1.44,5.0,5.68,2.47,9.99,0.5,0.0,4.89,7.43,277.23,1518,43.82599999999999
38,60.53,17.85,89.99,2.59,1.42,4.99,5.69,2.4,10.0,0.5,0.0,5.06,7.62,271.39,1601,42.67599999999999
39,60.24,17.08,89.98,2.5,1.43,5.0,5.69,2.45,9.99,0.49,0.0,5.07,7.57,280.22,1523,42.91599999999999
40,60.85,17.12,89.96,2.55,1.42,5.0,5.76,2.47,10.0,0.51,0.0,5.01,7.62,271.12,1572,42.70799999999999
41,59.75,17.21,89.97,2.55,1.43,5.0,5.74,2.44,9.99,0.49,0.0,4.94,7.45,277.0,1552,43.702
42,60.45,17.55,89.97,2.54,1.44,5.0,5.76,2.47,9.97,0.51,0.0,5.05,7.58,275.28,1586,42.83399999999999
43,59.26,17.31,90.0,2.54,1.42,5.0,5.78,2.43,10.0,0.51,0.0,4.99,7.53,279.29,1492,43.585999999999984
44,60.34,17.37,89.96,2.55,1.4,5.0,5.83,2.44,9.99,0.49,0.0,4.98,7.49,277.8,1594,43.248000000000005
45,60.05,17.38,89.99,2.57,1.4,5.0,5.7,2.41,10.0,0.51,0.0,4.84,7.41,276.4,1601,43.958000000000006
46,60.04,17.37,89.98,2.57,1.41,4.99,5.72,2.47,9.99,0.5,0.0,5.0,7.38,270.01,1498,43.53799999999999
47,60.33,17.19,89.99,2.54,1.42,5.0,5.71,2.45,9.99,0.5,0.0,5.09,7.64,275.2,1602,42.652
48,60.34,17.28,89.91,2.5,1.39,5.0,5.79,2.45,10.0,0.49,0.0,4.91,7.43,274.49,1597,43.616
49,59.84,17.17,89.86,2.56,1.42,5.0,5.77,2.44,10.0,0.5,0.0,5.02,7.43,272.52,1529,43.45399999999999
50,60.06,17.3,89.99,2.57,1.4,5.0,5.73,2.42,10.0,0.51,0.0,4.96,7.4,275.33,1485,43.608000000000004
