Machine_ID,Production_Speed_units_per_hr_mean,Production_Speed_units_per_hr_std,Production_Speed_units_per_hr_min,Production_Speed_units_per_hr_max,Quality_Control_Defect_Rate_%_mean,Error_Rate_%_mean,Efficiency_Status_<lambda>,Performance_Score,Speed_CV
1,277.98,128.05,50.63,499.83,5.04,7.61,1473,-0.20413031911640545,0.46064465069429456
2,274.51,129.23,50.35,499.98,5.01,7.52,1596,-0.4055289073399351,0.47076609230993405
3,278.82,127.88,50.36,499.97,5.05,7.6,1574,-0.08880726195380007,0.4586471558711714
4,273.52,129.93,50.67,499.78,5.03,7.47,1568,-0.5656143575033106,0.47502924831822174
5,272.62,133.16,50.3,499.75,4.95,7.46,1589,-0.23339645646583307,0.48844545521238353
6,273.15,130.39,50.03,499.88,4.98,7.53,1493,-0.4960514911401681,0.4773567636829581
7,274.29,130.92,50.27,499.81,5.04,7.37,1523,-0.22911241525807213,0.477305042108717
8,276.05,133.63,50.28,499.99,5.07,7.62,1582,-0.7428434567956899,0.48407897120086935
9,272.01,129.45,50.17,499.91,5.15,7.51,1582,-1.6306873209678692,0.4759016212639241
10,275.76,129.31,50.09,499.74,4.91,7.4,1580,0.7053857526898533,0.4689222512329562
11,275.14,130.75,50.01,499.91,5.09,7.46,1511,-0.6035461689916062,0.47521261903031187
12,273.79,133.22,50.13,499.66,5.02,7.48,1516,-0.4861458942391117,0.48657730377296465
13,273.43,130.0,50.03,499.98,5.0,7.46,1578,-0.38138668942952947,0.47544161211278935
14,271.73,130.03,50.18,499.9,5.11,7.6,1533,-1.681178638519917,0.4785264784896772
15,281.41,128.44,50.38,499.98,5.17,7.45,1543,0.058486392430356915,0.45641590561813716
16,284.92,129.72,50.21,499.93,5.02,7.51,1531,1.3892129340428099,0.45528569422995924
17,270.8,127.5,50.96,499.92,5.03,7.51,1617,-1.1467026753745877,0.47082717872968977
18,275.73,130.28,50.2,499.69,5.05,7.45,1601,-0.24195967937071217,0.47249120516447246
19,276.81,127.86,50.03,499.89,4.97,7.5,1531,0.2820821536763418,0.461905277988512
20,276.6,130.45,50.0,499.62,5.03,7.39,1499,0.18241093751203508,0.4716196673897324
21,274.75,130.77,50.29,499.91,4.96,7.47,1602,0.056425260798047105,0.47595996360327575
22,278.12,129.22,50.21,499.82,5.1,7.66,1577,-0.6574261811867217,0.46461958866676256
23,281.01,129.03,50.14,499.89,5.01,7.36,1594,1.1501875538124722,0.4591651542649728
24,278.59,130.4,50.1,499.92,4.99,7.38,1512,0.7896804258694097,0.4680713593452745
25,273.0,129.15,50.16,500.0,5.02,7.71,1562,-1.221409056829824,0.4730769230769231
26,279.34,131.18,51.5,499.94,4.94,7.37,1588,1.237372051792427,0.4696069306221809
27,284.85,130.73,50.05,499.93,4.89,7.58,1506,1.9496984544830696,0.45894330349306645
28,274.2,128.08,50.14,499.95,4.95,7.53,1613,-0.1377080041767762,0.4671043034281547
29,273.27,127.56,50.03,499.96,4.9,7.65,1598,-0.322060360654536,0.46679108573937866
30,275.72,129.68,50.0,499.64,4.95,7.55,1644,0.07715286285979062,0.4703322210938633
31,282.41,129.96,50.27,499.92,5.08,7.62,1504,0.31523222958925956,0.4601820048865125
32,277.52,131.36,50.21,499.57,4.99,7.59,1599,0.05716133798017253,0.4733352551167484
33,274.86,129.33,50.11,499.93,5.05,7.44,1526,-0.36869377707543904,0.47053045186640474
34,278.83,131.63,50.03,499.96,5.06,7.59,1510,-0.11913912547068861,0.4720797618620665
35,273.69,131.59,50.03,499.91,4.98,7.45,1500,-0.19376535097530478,0.4807994446271329
36,273.42,128.04,50.22,499.62,5.07,7.42,1620,-0.6855697742201237,0.46829054202326087
37,277.23,130.44,50.26,499.7,4.89,7.43,1518,1.00158604829738,0.47051184936695156
38,271.39,128.95,50.14,499.85,5.06,7.62,1601,-1.502589787572031,0.47514646818232065
39,280.22,129.37,50.08,499.92,5.07,7.57,1523,0.11864258984848419,0.4616729712368853
40,271.12,129.16,50.01,499.96,5.01,7.62,1572,-1.259836112238549,0.47639421658306286
41,277.0,130.13,50.1,499.69,4.94,7.45,1552,0.6192077703949437,0.46978339350180504
42,275.28,131.13,50.07,499.74,5.05,7.58,1586,-0.6581535985958737,0.47635135135135137
43,279.29,130.84,50.38,499.39,4.99,7.53,1492,0.5234168668718979,0.4684736295606717
44,277.8,130.3,50.65,499.83,4.98,7.49,1594,0.42372838927499146,0.46904247660187187
45,276.4,130.22,50.19,499.84,4.84,7.41,1601,1.1979471985850232,0.4711287988422576
46,270.01,132.53,50.16,499.48,5.0,7.38,1498,-0.7740324599764499,0.49083367282693235
47,275.2,131.14,50.3,499.88,5.09,7.64,1602,-1.0599429676560987,0.47652616279069765
48,274.49,131.38,50.04,499.62,4.91,7.43,1597,0.40469516359146596,0.47863310138802867
49,272.52,131.3,50.04,499.33,5.02,7.43,1529,-0.5793137855424391,0.4817995009540585
50,275.33,129.65,50.09,499.44,4.96,7.4,1485,0.33979057798812917,0.47088947808084847
